{"cameraMode":{"drawMode":0,"name":"Shaded","section":"Shading Mode"},"sceneLighting":false,"audioPlay":false,"sceneViewState":{"showFog":true,"showMaterialUpdate":true,"showSkybox":true,"showFlares":true,"showImageEffects":true,"showParticleSystems":true},"in2DMode":false,"pivot":{"x":-1.2537791728973389,"y":-2.384185791015625e-7,"z":-0.21067869663238526},"rotation":{"x":-0.07395052909851074,"y":0.6967286467552185,"z":-0.07258857041597367,"w":-0.7098108530044556},"size":22.663196563720704,"orthographic":false}