{"cameraMode":{"drawMode":0,"name":"Shaded","section":"Shading Mode"},"sceneLighting":true,"audioPlay":false,"sceneViewState":{"showFog":true,"showMaterialUpdate":false,"showSkybox":true,"showFlares":true,"showImageEffects":true,"showParticleSystems":true},"in2DMode":false,"pivot":{"x":3.819999933242798,"y":4.840000152587891,"z":16.530000686645509},"rotation":{"x":-0.027668019756674768,"y":0.9517766237258911,"z":-0.09021248668432236,"w":-0.2919204533100128},"size":21.91098976135254,"orthographic":true}