{"cameraMode":{"drawMode":0,"name":"Shaded","section":"Shading Mode"},"sceneLighting":true,"audioPlay":false,"sceneViewState":{"showFog":true,"showMaterialUpdate":false,"showSkybox":true,"showFlares":true,"showImageEffects":true,"showParticleSystems":true},"in2DMode":false,"pivot":{"x":1.261505126953125,"y":7.1680498123168949,"z":2.604464530944824},"rotation":{"x":0.01897265575826168,"y":-0.9683040380477905,"z":0.07763110846281052,"w":0.23664501309394837},"size":50.41423797607422,"orthographic":true}