{"cameraMode":{"drawMode":0,"name":"Shaded","section":"Shading Mode"},"sceneLighting":true,"audioPlay":false,"sceneViewState":{"showFog":true,"showMaterialUpdate":false,"showSkybox":true,"showFlares":true,"showImageEffects":true,"showParticleSystems":true},"in2DMode":false,"pivot":{"x":-0.15197794139385224,"y":10.623178482055664,"z":-9.145751953125},"rotation":{"x":0.000035999270039610565,"y":0.9973656535148621,"z":0.0004974711919203401,"w":-0.07253699004650116},"size":35.73662185668945,"orthographic":true}