{"cameraMode":{"drawMode":0,"name":"Shaded","section":"Shading Mode"},"sceneLighting":true,"audioPlay":false,"sceneViewState":{"showFog":true,"showMaterialUpdate":false,"showSkybox":true,"showFlares":true,"showImageEffects":true,"showParticleSystems":true},"in2DMode":false,"pivot":{"x":3.0782971382141115,"y":7.35195779800415,"z":22.8850154876709},"rotation":{"x":0.005589173641055822,"y":-0.9944056868553162,"z":0.07622198760509491,"w":0.07291368395090103},"size":31.920997619628908,"orthographic":true}