{"cameraMode":{"drawMode":0,"name":"Shaded","section":"Shading Mode"},"sceneLighting":true,"audioPlay":false,"sceneViewState":{"showFog":true,"showMaterialUpdate":false,"showSkybox":true,"showFlares":true,"showImageEffects":true,"showParticleSystems":true},"in2DMode":false,"pivot":{"x":3.819999933242798,"y":4.840000152587891,"z":16.530000686645509},"rotation":{"x":-0.008697718381881714,"y":0.9806039333343506,"z":-0.1906248927116394,"w":-0.044748932123184207},"size":42.644474029541019,"orthographic":true}